1,google.com
2,gtld-servers.net
3,youtube.com
4,facebook.com
5,netflix.com
6,microsoft.com
7,akamaiedge.net
8,twitter.com
9,instagram.com
10,epicgames.com
11,a-msedge.net
12,baidu.com
13,amazonaws.com
14,apple.com
15,linkedin.com
16,cloudflare.com
17,wikipedia.org
18,akamai.net
19,yahoo.com
20,bilibili.com
21,qq.com
22,warnerbros.com
23,amazon.com
24,bing.com
25,azure.com
26,googletagmanager.com
27,live.com
28,l-msedge.net
29,akadns.net
30,cnn.com
31,wordpress.org
32,fastly.net
33,pinterest.com
34,github.com
35,office.com
36,googlevideo.com
37,domaincontrol.com
38,youtu.be
39,zhihu.com
40,whatsapp.com
41,mail.ru
42,nflxso.net
43,reddit.com
44,doubleclick.net
45,zoom.us
46,vimeo.com
47,netflix.net
48,yandex.ru
49,adobe.com
50,s-msedge.net
51,windowsupdate.com
52,microsoftonline.com
53,gandi.net
54,trafficmanager.net
55,wordpress.com
56,sharepoint.com
57,goo.gl
58,bit.ly
59,t-msedge.net
60,googleusercontent.com
61,cloudapp.net
62,windows.net
63,apple-dns.net
64,taobao.com
65,edgekey.net
66,myfritz.net
67,vk.com
68,blogspot.com
69,aaplimg.com
70,163.com
71,tiktok.com
72,mozilla.org
73,t.co
74,csdn.net
75,googledomains.com
76,webex.com
77,intuit.com
78,msn.com
79,weibo.com
80,macromedia.com
81,google-analytics.com
82,office365.com
83,tumblr.com
84,cloudflare.net
85,sina.com.cn
86,icloud.com
87,paypal.com
88,spotify.com
89,nih.gov
90,cloudfront.net
91,ruidongcloud.com
92,outlook.com
93,msedge.net
94,nic.ru
95,nytimes.com
96,jd.com
97,opera.com
98,accraine.co.uk
99,europa.eu
100,wellsfargo.com
101,xvideos.com
102,flickr.com
103,dropbox.com
104,dell.com
105,google.com.hk
106,skype.com
107,yandex.net
108,salesforce.com
109,digicert.com
110,medium.com
111,pornhub.com
112,gvt1.com
113,omtrdc.net
114,sohu.com
115,spo-msedge.net
116,canva.com
117,gravatar.com
118,ebay.com
119,t.me
120,imdb.com
121,soundcloud.com
122,apache.org
123,o365filtering.com
124,yahoo.co.jp
125,force.com
126,lencr.org
127,tds.net
128,zemanta.com
129,fandom.com
130,github.io
131,comcast.net
132,tiktokcdn.com
133,aliexpress.com
134,archive.org
135,forbes.com
136,registrar-servers.com
137,theguardian.com
138,naver.com
139,w3.org
140,bbc.com
141,stackoverflow.com
142,roblox.com
143,forms.gle
144,dzen.ru
145,hwcdn.net
146,abusix.zone
147,bbc.co.uk
148,dnsmadeeasy.com
149,miit.gov.cn
150,tmall.com
151,twitch.tv
152,sciencedirect.com
153,meraki.com
154,office.net
155,googleapis.com
156,xhamster.com
157,trendyol.com
158,myshopify.com
159,wsdvs.com
160,sourceforge.net
161,akam.net
162,edgesuite.net
163,azurewebsites.net
164,quora.com
165,akamaihd.net
166,fbcdn.net
167,etsy.com
168,mangosip.ru
169,indeed.com
170,carrentals.com
171,gstatic.com
172,amazon.in
173,creativecommons.org
174,herokudns.com
175,alipay.com
176,aiv-cdn.net
177,sberdevices.ru
178,amazon.co.uk
179,manitu.net
180,akamaized.net
181,researchgate.net
182,douban.com
183,who.int
184,teamviewer.com
185,wa.me
186,cisco.com
187,tiktokv.com
188,weebly.com
189,go.com
190,p-cdn.us
191,aliyun.com
192,issuu.com
193,gvt2.com
194,hp.com
195,wixsite.com
196,rambler.ru
197,elasticbeanstalk.com
198,so.com
199,hao123.com
200,imgur.com
201,oracle.com
202,cdc.gov
203,azureedge.net
204,washingtonpost.com
205,googlesyndication.com
206,shopify.com
207,reuters.com
208,xcal.tv
209,a2z.com
210,telegram.org
211,booking.com
212,1688.com
213,spankbang.com
214,wikimedia.org
215,twimg.com
216,name-services.com
217,adnxs.com
218,cloudns.net
219,salesforceliveagent.com
220,shifen.com
221,wiley.com
222,cdngslb.com
223,amazon.co.jp
224,360.cn
225,mcafee.com
226,bloomberg.com
227,mit.edu
228,tinyurl.com
229,harvard.edu
230,duckduckgo.com
231,reg.ru
232,demdex.net
233,userapi.com
234,rackspace.net
235,zendesk.com
236,2mdn.net
237,ytimg.com
238,wsj.com
239,samsung.com
240,wix.com
241,cdn77.org
242,nginx.org
243,dailymail.co.uk
244,youku.com
245,espn.com
246,vkontakte.ru
247,azure-dns.com
248,cedexis.net
249,youtube-nocookie.com
250,kaspersky.com
251,springer.com
252,xnxx.com
253,jomodns.com
254,app-measurement.com
255,ibm.com
256,discord.com
257,hichina.com
258,freepik.com
259,nature.com
260,whatsapp.net
261,blogger.com
262,opendns.com
263,php.net
264,oath.cloud
265,amazon.de
266,pki.goog
267,google.co.in
268,saasprotection.com
269,tradingview.com
270,rackspace.com
271,amazonvideo.com
272,cnbc.com
273,behance.net
274,businessinsider.com
275,alibaba.com
276,deepl.com
277,ok.ru
278,ampproject.org
279,nginx.com
280,b-msedge.net
281,dnsowl.com
282,tencent.com
283,walmart.com
284,slack.com
285,slideshare.net
286,wp.com
287,windows.com
288,doi.org
289,linktr.ee
290,google.co.uk
291,list-manage.com
292,stanford.edu
293,sorbs.net
294,un.org
295,unsplash.com
296,instructure.com
297,root-servers.net
298,wildberries.ru
299,gnu.org
300,googleadservices.com
301,rbxcdn.com
302,ring.com
303,nasa.gov
304,sogou.com
305,gosuslugi.ru
306,chaturbate.com
307,iqiyi.com
308,google.de
309,consultant.ru
310,rzone.de
311,ohthree.com
312,adobe.io
313,xiaomi.com
314,www.gov.uk
315,cnblogs.com
316,att.net
317,snapchat.com
318,godaddy.com
319,unity3d.com
320,no-ip.com
321,worldfcdn.com
322,eventbrite.com
323,eset.com
324,alibabadns.com
325,e-msedge.net
326,cpanel.net
327,cnet.com
328,digitalocean.com
329,mediafire.com
330,amazon-adsystem.com
331,stripe.com
332,hubspot.com
333,usatoday.com
334,okta.com
335,goskope.com
336,npr.org
337,line.me
338,surveymonkey.com
339,time.com
340,dailymotion.com
341,telegraph.co.uk
342,youdao.com
343,steampowered.com
344,criteo.com
345,casalemedia.com
346,ilovepdf.com
347,grammarly.com
348,foxnews.com
349,adriver.ru
350,megafon.ru
351,avito.ru
352,ted.com
353,fiverr.com
354,ozon.ru
355,rt.ru
356,google.co.jp
357,pixiv.net
358,wired.com
359,weather.com
360,maricopa.gov
361,incapdns.net
362,flipkart.com
363,g.page
364,w3schools.com
365,yelp.com
366,aliyuncs.com
367,mega.co.nz
368,pixabay.com
369,ft.com
370,goodreads.com
371,ca.gov
372,scribd.com
373,addtoany.com
374,douyu.com
375,mailchimp.com
376,rakuten.co.jp
377,hpecorp.net
378,mysql.com
379,name.com
380,hostgator.com
381,appsflyer.com
382,huawei.com
383,statista.com
384,hicloud.com
385,tripadvisor.com
386,dynect.net
387,amzn.to
388,worldnic.com
389,webmd.com
390,patreon.com
391,trello.com
392,themeforest.net
393,scorecardresearch.com
394,udemy.com
395,chinamobile.com
396,berkeley.edu
397,b-cdn.net
398,deviantart.com
399,bluehost.com
400,indiatimes.com
401,beian.gov.cn
402,edgecdn.ru
403,xiaohongshu.com
404,independent.co.uk
405,httpbl.org
406,rackspaceclouddb.com
407,facebook.net
408,mega.nz
409,marriott.com
410,wetransfer.com
411,smzdm.com
412,myspace.com
413,nease.net
414,tbcache.com
415,techcrunch.com
416,jianshu.com
417,fb.com
418,realsrv.com
419,loc.gov
420,squarespace.com
421,fc2.com
422,aol.com
423,healthline.com
424,herokuapp.com
425,intel.com
426,alicdn.com
427,forter.com
428,bitly.com
429,huffingtonpost.com
430,dzeninfra.ru
431,sentry.io
432,miui.com
433,livejournal.com
434,galaxydata.ru
435,ggpht.com
436,mi.com
437,azurefd.net
438,dns.com
439,latimes.com
440,onlyfans.com
441,avast.com
442,netease.com
443,pinimg.com
444,binance.com
445,rocket-cdn.com
446,oup.com
447,tandfonline.com
448,state.gov
449,feishu.cn
450,shutterstock.com
451,debian.org
452,nstld.com
453,free.fr
454,hugedomains.com
455,ngenix.net
456,domainmarket.com
457,cbsnews.com
458,roche.com
459,netangels.ru
460,trendmicro.com
461,igamecj.com
462,speedtest.net
463,theverge.com
464,uol.com.br
465,safebrowsing.apple
466,amazontrust.com
467,openx.net
468,stackexchange.com
469,cornell.edu
470,prnewswire.com
471,washington.edu
472,cambridge.org
473,apigee.net
474,google.ru
475,addthis.com
476,ietf.org
477,amazon.ca
478,huffpost.com
479,ea.com
480,smu.edu.sg
481,spcsdns.net
482,pexels.com
483,box.com
484,cdninstagram.com
485,investopedia.com
486,kickstarter.com
487,ivi.ru
488,intermedia.net
489,britannica.com
490,hotjar.com
491,amazon.it
492,steamcommunity.com
493,nbcnews.com
494,stripchat.com
495,android.com
496,academia.edu
497,hotstar.com
498,usercontent.goog
499,fda.gov
500,mozilla.com
501,theatlantic.com
502,nationalgeographic.com
503,sagepub.com
504,googletagservices.com
505,giphy.com
506,aboutads.info
507,rayjump.com
508,google.ca
509,roku.com
510,trustpilot.com
511,fedex.com
512,atlassian.net
513,nvidia.com
514,quizlet.com
515,google.fr
516,globo.com
517,gcdn.co
518,yandex.com
519,rncdn7.com
520,bandcamp.com
521,soso.com
522,chase.com
523,exacttarget.com
524,amazon.fr
525,msftconnecttest.com
526,ikea.com
527,zillow.com
528,amplitude.com
529,yahoodns.net
530,hulu.com
531,princeton.edu
532,noaa.gov
533,launchpad.net
534,taboola.com
535,craigslist.org
536,timeweb.ru
537,imgsmail.ru
538,rlcdn.com
539,buzzfeed.com
540,upwork.com
541,nr-data.net
542,mailchi.mp
543,3dmgame.com
544,sensic.net
545,ubuntu.com
546,telegram.me
547,zoho.com
548,rbc.ru
549,hbr.org
550,business.site
551,rackcdn.com
552,alidns.com
553,toutiao.com
554,digikala.com
555,hupu.com
556,cnki.net
557,dyndns.org
558,statcounter.com
559,gmail.com
560,rubiconproject.com
561,msftncsi.com
562,markmonitor.com
563,vtb.ru
564,myqcloud.com
565,usda.gov
566,wikihow.com
567,beeline.ru
568,autodesk.com
569,ovscdns.com
570,ntp.org
571,attn.tv
572,bitrix24.ru
573,pubmatic.com
574,discord.gg
575,c-msedge.net
576,dribbble.com
577,disqus.com
578,usnews.com
579,mayoclinic.org
580,coursera.org
581,sitescout.com
582,rosintel.com
583,umich.edu
584,notion.so
585,paloaltonetworks.com
586,fireeye.com
587,fusionfabric.cloud
588,douyin.com
589,infonline.de
590,ieee.org
591,eastmoney.com
592,playstation.net
593,atlassian.com
594,elsevier.com
595,calendly.com
596,ttlivecdn.com
597,unesco.org
598,google.es
599,nsone.net
600,savefrom.net
601,nypost.com
602,usgovcloudapi.net
603,dnspod.net
604,redhat.com
605,cctv.com
606,whitehouse.gov
607,zol.com.cn
608,tistory.com
609,amazon.es
610,pbs.org
611,ups.com
612,change.org
613,coinmarketcap.com
614,topgslb.com
615,mirtesen.ru
616,att.com
617,arubanetworks.com
618,avito.st
619,networkadvertising.org
620,adsrvr.org
621,akismet.com
622,duckdns.org
623,verisign.com
624,redd.it
625,moatads.com
626,economist.com
627,allaboutcookies.org
628,businesswire.com
629,mgts.ru
630,dreamhost.com
631,skyeng.link
632,sitemaps.org
633,typeform.com
634,adobe.net
635,ertelecom.ru
636,marketwatch.com
637,launchdarkly.com
638,daum.net
639,awsdns-37.org
640,homedepot.com
641,epa.gov
642,newrelic.com
643,worldbank.org
644,columbia.edu
645,bankofamerica.com
646,spamhaus.org
647,figma.com
648,3lift.com
649,fb.me
650,appspot.com
651,ddnss.de
652,xinhuanet.com
653,y2mate.com
654,jimdo.com
655,iso.org
656,arcgis.com
657,bidswitch.net
658,justhost.ru
659,awsdns-32.co.uk
660,ripn.net
661,online-metrix.net
662,nike.com
663,nintendo.net
664,gitlab.com
665,kaspersky-labs.com
666,visualstudio.com
667,playstation.com
668,immunet.com
669,ovh.net
670,jotform.com
671,merriam-webster.com
672,mts.ru
673,linode.com
674,nic.uk
675,nest.com
676,primevideo.com
677,pconline.com.cn
678,docker.com
679,mzstatic.com
680,outbrain.com
681,gene.com
682,va.gov
683,deloitte.com
684,arxiv.org
685,spaceweb.pro
686,psu.edu
687,cdn-apple.com
688,uber.com
689,media.net
690,about.com
691,google.cn
692,investing.com
693,fincoad.com
694,pinterest.ca
695,wpengine.com
696,nist.gov
697,dcinside.com
698,rfc-editor.org
699,ondemand.com
700,yale.edu
701,lenovo.com
702,vice.com
703,media-amazon.com
704,nicovideo.jp
705,target.com
706,google.com.tw
707,namebrightdns.com
708,typepad.com
709,cbc.ca
710,ifeng.com
711,sophos.com
712,aliexpress.ru
713,upenn.edu
714,runoob.com
715,igodigital.com
716,psychologytoday.com
717,bestbuy.com
718,digg.com
719,eepurl.com
720,bdydns.com
721,trbcdn.net
722,threema.ch
723,ps.kz
724,hinet.net
725,gihc.net
726,docin.com
727,autohome.com.cn
728,sciencedaily.com
729,ali213.net
730,cox.net
731,sciencemag.org
732,51cto.com
733,ui-dns.com
734,book118.com
735,abc.net.au
736,umbrella.com
737,rt.com
738,swrve.com
739,ox.ac.uk
740,cdnhwc1.com
741,chinaz.com
742,qualtrics.com
743,sharethrough.com
744,footprint.net
745,fortune.com
746,google.com.br
747,mashable.com
748,awsdns-60.co.uk
749,sxyprn.com
750,rspamd.com
751,apple.news
752,dmm.co.jp
753,ksyuncdn.com
754,dns.cn
755,zdnet.com
756,plos.org
757,xfinity.com
758,ui.com
759,mathtag.com
760,adidas.com
761,360yield.com
762,mdpi.com
763,ecdns.net
764,theconversation.com
765,chess.com
766,fbs1-t-msedge.net
767,jb51.net
768,secureserver.net
769,usps.com
770,irs.gov
771,python.org
772,atomile.com
773,samsungcloud.com
774,awsdns-19.co.uk
775,chsi.com.cn
776,systems.next
777,doubleverify.com
778,bmj.com
779,biomedcentral.com
780,imcmdb.net
781,duolingo.com
782,icloud-content.com
783,tcm.com
784,vox.com
785,mckinsey.com
786,weforum.org
787,gofundme.com
788,ucla.edu
789,alipaydns.com
790,mwbsys.com
791,360safe.com
792,comcast.com
793,airbnb.com
794,wisc.edu
795,cricbuzz.com
796,wiktionary.org
797,uci.edu
798,newyorker.com
799,sedo.com
800,livejasmin.com
801,twtrdns.net
802,evernote.com
803,istockphoto.com
804,tremorhub.com
805,namu.wiki
806,envato.com
807,shein.com
808,google.it
809,mediahils.ru
810,dnsv1.com
811,immedia-semi.com
812,qwest.net
813,apnews.com
814,yimg.com
815,constantcontact.com
816,crashlytics.com
817,ultradns.com
818,frontiersin.org
819,asus.com
820,quantserve.com
821,dw.com
822,fastcompany.com
823,kunlunsl.com
824,hbo.com
825,smartadserver.com
826,awsdns-16.co.uk
827,notamedia.ru
828,xerox.com
829,tencent-cloud.net
830,getpocket.com
831,checkpoint.com
832,chegg.com
833,acoustic-adm.com
834,ys7.com
835,americanexpress.com
836,ttvnw.net
837,playfabapi.com
838,espncricinfo.com
839,apa.org
840,cdnbasket.net
841,umn.edu
842,dropboxusercontent.com
843,bluekai.com
844,sfx.ms
845,azure-dns.info
846,vmware.com
847,google.com.mx
848,oreilly.com
849,samsungcloudsolution.com
850,plesk.com
851,eporner.com
852,accuweather.com
853,google.com.sg
854,feedburner.com
855,adsafeprotected.com
856,newsweek.com
857,www.gov.cn
858,33across.com
859,jquery.com
860,inc.com
861,quillbot.com
862,geeksforgeeks.org
863,asana.com
864,missav.com
865,licdn.com
866,nba.com
867,jstor.org
868,sun.com
869,thepaper.cn
870,meetup.com
871,samsungqbe.com
872,cam.ac.uk
873,youronlinechoices.com
874,awsdns-63.co.uk
875,adobess.com
876,ebay.co.uk
877,branch.io
878,engadget.com
879,grabpay.com
880,pewresearch.org
881,remove.bg
882,dnsimple.com
883,awsglobalaccelerator.com
884,gizmodo.com
885,bytetcdn.com
886,canada.ca
887,northgrum.com
888,fortinet.net
889,google.com.tr
890,elpais.com
891,example.com
892,acs.org
893,llnwi.net
894,messenger.com
895,capitalone.com
896,mynetname.net
897,awsdns-56.net
898,criteo.net
899,9gag.com
900,utexas.edu
901,webrootcloudav.com
902,roskazna.ru
903,expedia.com
904,medicalnewstoday.com
905,jetbrains.com
906,geocities.com
907,xing.com
908,spiegel.de
909,canonical.com
910,ign.com
911,databricks.com
912,cdn20.com
913,hilton.com
914,agkn.com
915,stumbleupon.com
916,dan.com
917,oecd.org
918,marca.com
919,bytefcdn.com
920,tripod.com
921,science.org
922,verizon.com
923,otm-r.com
924,awsdns-35.org
925,disneyplus.com
926,sc-gw.com
927,azure-dns.org
928,shopee.tw
929,bet365.com
930,cdnvideo.ru
931,samsungacr.com
932,zoukankan.com
933,awsdns-29.co.uk
934,ria.ru
935,superhosting.bg
936,thesun.co.uk
937,people.com.cn
938,apple.com.cn
939,livedoor.jp
940,awsdns-55.co.uk
941,crwdcntrl.net
942,cloudinary.com
943,utorrent.com
944,fontawesome.com
945,gartner.com
946,google.co.th
947,topdns.me
948,1c.ru
949,entrepreneur.com
950,cmu.edu
951,webs.com
952,52pojie.cn
953,timeanddate.com
954,cloud.com
955,animeflv.net
956,jhu.edu
957,datadoghq.com
958,mos.ru
959,google.com.au
960,impervadns.net
961,bidr.io
962,yts.mx
963,tapad.com
964,scientificamerican.com
965,reverso.net
966,imrworldwide.com
967,exelator.com
968,jsdelivr.net
969,mirror.co.uk
970,1drv.com
971,openstreetmap.org
972,braze.com
973,allegro.pl
974,smaato.net
975,supersonicads.com
976,actionverb.com
977,dbankcloud.ru
978,riotgames.com
979,mongodb.com
980,everesttech.net
981,aparat.com
982,photobucket.com
983,adcolony.com
984,yayoye-spiele.com
985,t-mobile.com
986,weibo.cn
987,ameblo.jp
988,ks-cdn.com
989,akamaitech.net
990,anchor.fm
991,gldn.net
992,getbootstrap.com
993,substack.com
994,dynamicnetworkservices.net
995,gamersky.com
996,entergy.com
997,emxdgt.com
998,tendawifi.com
999,2gis.com
1000,appcenter.ms
1001,zhihuishu.com
1002,inbake.com
1003,uchicago.edu
1004,guardian.co.uk
1005,ed.gov
1006,coupang.com
1007,p-cdn.com
1008,arstechnica.com
1009,varzesh3.com
1010,mercadolibre.com.mx
1011,nps.gov
1012,dhl.com
1013,ftc.gov
1014,genius.com
1015,softonic.com
1016,pnas.org
1017,byteoversea.net
1018,sky.com
1019,jagex.com
1020,arnebrachhold.de
1021,huya.com
1022,enable-javascript.com
1023,my.com
1024,ny.gov
1025,elegantthemes.com
1026,360doc.com
1027,one.com
1028,drom.ru
1029,wbx2.com
1030,fao.org
1031,sectigo.com
1032,bbb.org
1033,166.com
1034,service-now.com
1035,dotomi.com
1036,topdns.com
1037,purdue.edu
1038,shaparak.ir
1039,nflxvideo.net
1040,house.gov
1041,typekit.net
1042,fb.watch
1043,appier.net
1044,wattpad.com
1045,qidian.com
1046,slate.com
1047,discordapp.com
1048,jamfcloud.com
1049,thelancet.com
1050,ucsd.edu
1051,kakao.com
1052,badoo.com
1053,scs.gov.cn
1054,conviva.com
1055,awsdns-07.co.uk
1056,fmkorea.com
1057,smswm.ru
1058,kunluncan.com
1059,readthedocs.io
1060,awsdns-47.org
1061,lijit.com
1062,hitomi.la
1063,siemens.com
1064,adp.com
1065,aljazeera.com
1066,klaviyo.com
1067,noodlemagazine.com
1068,politico.com
1069,awsdns-39.co.uk
1070,dnsdomen.com
1071,sberbank.ru
1072,xbox.com
1073,nhentai.net
1074,si.edu
1075,tie.cl
1076,nipr.mil
1077,battle.net
1078,smi2.net
1079,sfgate.com
1080,hbomax.com
1081,bitbucket.org
1082,myworkdayjobs.com
1083,hhs.gov
1084,savvis.net
1085,alikunlun.com
1086,gotowebinar.com
1087,ufl.edu
1088,usc.edu
1089,ford.com
1090,bizjournals.com
1091,xhamsterlive.com
1092,domaindiscount24.net
1093,cdnhwc2.com
1094,proofpoint.com
1095,census.gov
1096,hdfcbank.com
1097,akamaitechnologies.com
1098,yuque.com
1099,edu-servers.net
1100,beget.ru
1101,dbankcloud.com
1102,nyu.edu
1103,beget.com
1104,indiegogo.com
1105,awsdns-13.co.uk
1106,revopush.com
1107,variety.com
1108,ucoz.ru
1109,techtarget.com
1110,gname-dns.com
1111,upravel.com
1112,amazon.com.mx
1113,lazada.sg
1114,artstation.com
1115,zippyshare.com
1116,optimizely.com
1117,barnesandnoble.com
1118,usgs.gov
1119,samsungapps.com
1120,jamanetwork.com
1121,quickconnect.to
1122,chicagotribune.com
1123,mxptint.net
1124,onetrust.com
1125,hoster.kz
1126,entrust.net
1127,bls.gov
1128,squarespacedns.com
1129,constellix.com
1130,glassdoor.com
1131,op.gg
1132,wp.pl
1133,uk.com
1134,arizona.edu
1135,pcmag.com
1136,grammarly.io
1137,eastday.com
1138,zhibo8.cc
1139,aboutcookies.org
1140,sap.com
1141,epam.com
1142,nokia.com
1143,awsdns-36.co.uk
1144,icourse163.org
1145,thetimes.co.uk
1146,lwsdns.com
1147,sovcombank.ru
1148,blizzard.com
1149,webpkgcache.com
1150,ns.ua
1151,rollingstone.com
1152,dictionary.com
1153,npmjs.com
1154,gamespot.com
1155,www.nhs.uk
1156,sec.gov
1157,youporn.com
1158,qz.com
1159,postgresql.org
1160,sc-cdn.net
1161,mediatek.com
1162,live.net
1163,howstuffworks.com
1164,xueqiu.com
1165,asu.edu
1166,worldfcdn2.com
1167,livescience.com
1168,wixdns.net
1169,uiuc.edu
1170,azure-dns.net
1171,hostgator.com.br
1172,news.com.au
1173,icq.com
1174,huaban.com
1175,aws-prd.net
1176,awsdns-56.co.uk
1177,adform.net
1178,wikia.com
1179,app.link
1180,symantec.com
1181,awsdns-59.co.uk
1182,nintendo.com
1183,miitbeian.gov.cn
1184,oraclecloud.com
1185,awsdns-43.co.uk
1186,army.mil
1187,opensea.io
1188,tampermonkey.net
1189,lenta.ru
1190,awsdns-41.co.uk
1191,cookielaw.org
1192,bugsnag.com
1193,senate.gov
1194,contextweb.com
1195,178.com
1196,splashtop.com
1197,awsdns-04.net
1198,utoronto.ca
1199,shopee.co.id
1200,pendo.io
1201,chinadaily.com.cn
1202,unicef.org
1203,eff.org
1204,rapid7.com
1205,ubi.com
1206,beelinegprs.ru
1207,sinaedge.com
1208,google.com.sa
1209,itv.kg
1210,globenewswire.com
1211,stat-rock.com
1212,aliexpress.us
1213,arlo.com
1214,wayfair.com
1215,adobedtm.com
1216,vungle.com
1217,awsdns-05.co.uk
1218,ioam.de
1219,appismy.com
1220,krxd.net
1221,stackadapt.com
1222,express.co.uk
1223,lenovo.com.cn
1224,matterport.com
1225,netscape.com
1226,themeisle.com
1227,sakura.ne.jp
1228,fidelity.com
1229,mlb.com
1230,gismeteo.ru
1231,zdnscloud.com
1232,rottentomatoes.com
1233,unc.edu
1234,teads.tv
1235,lx.pub
1236,tiktokcdn-us.com
1237,getadblock.com
1238,smh.com.au
1239,admin.ch
1240,ndtv.com
1241,dns-parking.com
1242,sony.com
1243,awsdns-30.co.uk
1244,gumroad.com
1245,withgoogle.com
1246,adblockplus.org
1247,dhs.gov
1248,duke.edu
1249,e-hentai.org
1250,as.com
1251,discogs.com
1252,google.com.ar
1253,awsdns-56.org
1254,ucdavis.edu
1255,fast.com
1256,nikkei.com
1257,gitee.com
1258,illinois.edu
1259,coinbase.com
1260,vkuserphoto.ru
1261,fifa.com
1262,1rx.io
1263,msu.edu
1264,mercadolibre.com.ar
1265,onet.pl
1266,khanacademy.org
1267,deezer.com
1268,myanimelist.net
1269,orderbox-dns.com
1270,thehill.com
1271,nejm.org
1272,spotxchange.com
1273,hwcdn.ru
1274,applovin.com
1275,perfectdomain.com
1276,adsymptotic.com
1277,afilias-nst.info
1278,earthlink.net
1279,history.com
1280,xxxxx520.com
1281,avira.com
1282,awsdns-25.co.uk
1283,blog.jp
1284,pusher.com
1285,awsdns-01.co.uk
1286,airtable.com
1287,stackpathcdn.com
1288,prezi.com
1289,techradar.com
1290,disney.com
1291,kernel.org
1292,fool.com
1293,umd.edu
1294,acm.org
1295,clever.com
1296,a-ads.com
1297,id5-sync.com
1298,googleblog.com
1299,mitre.org
1300,liadm.com
1301,nextdoor.com
1302,awsdns-06.net
1303,altervista.org
1304,wscdns.com
1305,spamcop.net
1306,awsdns-18.co.uk
1307,sahibinden.com
1308,awsdns-46.co.uk
1309,telegra.ph
1310,awmdm.com
1311,chron.com
1312,fastlylb.net
1313,ssa.gov
1314,webhostbox.net
1315,sina.cn
1316,lemonde.fr
1317,flaticon.com
1318,statuspage.io
1319,prudential.com
1320,pearson.com
1321,ixigua.com
1322,adjust.com
1323,ebay.de
1324,awsdns-20.co.uk
1325,thesaurus.com
1326,seznam.cz
1327,codepen.io
1328,ampproject.net
1329,myq-cloud.com
1330,ssrn.com
1331,neea.edu.cn
1332,e-volution.ai
1333,semrush.com
1334,bigcommerce.com
1335,yieldmo.com
1336,tokopedia.com
1337,ibosscloud.com
1338,scmp.com
1339,cutt.ly
1340,people.com
1341,blackboard.com
1342,awsdns-12.net
1343,gumgum.com
1344,myhostadmin.net
1345,t-online.de
1346,google.co.kr
1347,awsdns-48.co.uk
1348,hm.com
1349,pwc.com
1350,mheducation.com
1351,mob.com
1352,myworkday.com
1353,msn.cn
1354,icann.org
1355,lowes.com
1356,freshdesk.com
1357,opera-mini.net
1358,hootsuite.com
1359,oppomobile.com
1360,freenom.com
1361,ssl-images-amazon.com
1362,awsdns-28.org
1363,yiyouliao.com
1364,hyatt.com
1365,dns-shop.ru
1366,cupfox.app
1367,tesla.com
1368,itu.int
1369,bootstrapcdn.com
1370,nelreports.net
1371,3gppnetwork.org
1372,colorado.edu
1373,awsdns-09.co.uk
1374,amap.com
1375,urbandictionary.com
1376,gitlab.net
1377,akagtm.org
1378,network-auth.com
1379,ey.com
1380,virtualearth.net
1381,hatena.ne.jp
1382,rfihub.com
1383,dbankcdn.com
1384,telenet-ops.be
1385,pphosted.com
1386,capitalonegslbex.com
1387,awsdns-02.co.uk
1388,sentinelone.net
1389,bund.de
1390,csof.net
1391,venturebeat.com
1392,euronews.com
1393,bendibao.com
1394,smallpdf.com
1395,duosecurity.com
1396,m.me
1397,sweb.ru
1398,zerodha.com
1399,amd.com
1400,tsinghua.edu.cn
1401,squareup.com
1402,mathworks.com
1403,trustarc.com
1404,awsdns-22.co.uk
1405,today.com
1406,pandora.com
1407,ultradns.net
1408,hollywoodreporter.com
1409,xuexi.cn
1410,instacart.com
1411,rakuten.com
1412,northwestern.edu
1413,costco.com
1414,thoughtco.com
1415,google.com.eg
1416,thedailybeast.com
1417,norton.com
1418,goguardian.com
1419,slashdot.org
1420,newscientist.com
1421,jino.ru
1422,ubc.ca
1423,ibb.co
1424,awsdns-10.co.uk
1425,divar.ir
1426,advertising.com
1427,usa.gov
1428,rumble.com
1429,kdocs.cn
1430,java.com
1431,racklabs.com
1432,tinkoff.ru
1433,skyeng.ru
1434,realtor.com
1435,meituan.com
1436,cbr.ru
1437,flipboard.com
1438,bamgrid.com
1439,repubblica.it
1440,lww.com
1441,mixpanel.com
1442,archives.gov
1443,drift.com
1444,qianxun.com
1445,awsdns-11.org
1446,ya.ru
1447,ilias.ca
1448,mixcloud.com
1449,lync.com
1450,life360.com
1451,mystrikingly.com
1452,dot.gov
1453,theglobeandmail.com
1454,ringcentral.com
1455,1337x.to
1456,bitnami.com
1457,nfl.com
1458,semanticscholar.org
1459,animixplay.to
1460,ouo.io
1461,libsyn.com
1462,digitaltrends.com
1463,zhaopin.com
1464,smithsonianmag.com
1465,parallels.com
1466,51job.com
1467,gallup.com
1468,foursquare.com
1469,moodle.org
1470,schwab.com
1471,docomo.ne.jp
1472,lifehacker.com
1473,crunchyroll.com
1474,sketchfab.com
1475,zhipin.com
1476,nydailynews.com
1477,above.com
1478,turn.com
1479,instructables.com
1480,bigcartel.com
1481,automattic.com
1482,accenture.com
1483,justice.gov
1484,drupal.org
1485,nsw.gov.au
1486,hotels.com
1487,aadrm.com
1488,awsdns-47.co.uk
1489,creativecdn.com
1490,garmin.com
1491,livedoor.com
1492,company-target.com
1493,wunderground.com
1494,agora.io
1495,rackspacecloud.com
1496,tamu.edu
1497,uplynk.com
1498,thefreedictionary.com
1499,myteksi.net
1500,infobae.com
1501,iana.org
1502,nymag.com
1503,service.gov.uk
1504,moatpixel.com
1505,nic.de
1506,openssl.org
1507,pku.edu.cn
1508,2o7.net
1509,google.nl
1510,pluto.tv
1511,jable.tv
1512,awsdns-45.org
1513,awsdns-52.com
1514,ztomy.com
1515,ctdns.cn
1516,vihub.ru
1517,cbslocal.com
1518,feedly.com
1519,awsdns-10.net
1520,awsdns-29.com
1521,crunchbase.com
1522,metro.co.uk
1523,treasury.gov
1524,websitewelcome.com
1525,livestream.com
1526,russianpost.ru
1527,freebsd.org
1528,shopee.com.my
1529,mapquest.com
1530,me.com
1531,pruffme.com
1532,nhk.or.jp
1533,fedoraproject.org
1534,4chan.org
1535,gamer.com.tw
1536,mozaws.net
1537,imageshack.us
1538,woocommerce.com
1539,indexww.com
1540,aol.co.uk
1541,nic.io
1542,awsdns-03.co.uk
1543,de.net
1544,e2ro.com
1545,ddns.net
1546,ucl.ac.uk
1547,web.dev
1548,truste.com
1549,powerbi.com
1550,hindustantimes.com
1551,here.com
1552,wise.com
1553,doubleclick.com
1554,awsdns-52.net
1555,agoda.com
1556,wa.gov
1557,hostinger.com
1558,go-mpulse.net
1559,intercom.io
1560,dondominio.com
1561,chaoxing.com
1562,ads-twitter.com
1563,apachefriends.org
1564,juejin.cn
1565,algolia.net
1566,wal-mart.com
1567,gogoanime.dk
1568,blogspot.co.uk
1569,gshifen.com
1570,redbubble.com
1571,goo.ne.jp
1572,nsatc.net
1573,carlsberggroup.com
1574,amazon.dev
1575,hpe.com
1576,shopee.co.th
1577,txxx.com
1578,dns.eu
1579,awsdns-04.org
1580,linksynergy.com
1581,ably.io
1582,rutgers.edu
1583,schoology.com
1584,miro.com
1585,ning.com
1586,uspto.gov
1587,about.me
1588,awsdns-23.net
1589,starmakerstudios.com
1590,ticketmaster.com
1591,awsdns-29.net
1592,awsdns-29.org
1593,akasripcn.net
1594,samsungcloudsolution.net
1595,iponweb.net
1596,google.pl
1597,gofile.io
1598,torob.com
1599,awsdns-14.org
1600,interia.pl
1601,huaweicloud.com
1602,citrix.com
1603,insider.com
1604,fitbit.com
1605,tableau.com
1606,awsdns-35.co.uk
1607,awsdns-17.co.uk
1608,congress.gov
1609,gettyimages.com
1610,afilias-nst.org
1611,xhamster18.desi
1612,awsdns-04.co.uk
1613,iheart.com
1614,bitrixphone.com
1615,biblegateway.com
1616,awsdns-19.net
1617,awsdns-61.net
1618,bu.edu
1619,osu.edu
1620,awsdns-31.com
1621,awsdns-21.co.uk
1622,guancha.cn
1623,amazon.com.au
1624,dropbox-dns.com
1625,erome.com
1626,last.fm
1627,medlineplus.gov
1628,texas.gov
1629,awsdns-18.org
1630,phys.org
1631,virginia.edu
1632,tmz.com
1633,kinopoisk.ru
1634,citi.com
1635,unity.com
1636,dingtalk.com
1637,mydrivers.com
1638,oschina.net
1639,uc.cn
1640,ilive.cn
1641,namecheap.com
1642,privacyshield.gov
1643,shalltry.com
1644,wufoo.com
1645,infor.com
1646,bamboohr.com
1647,ezoicns.com
1648,nordvpn.com
1649,fcc.gov
1650,siteimproveanalytics.io
1651,lego.com
1652,awsdns-18.net
1653,bytedance.net
1654,utah.edu
1655,codebig2.net
1656,amocrm.ru
1657,onlinesbi.sbi
1658,awsdns-53.org
1659,qcc.com
1660,merchantlink.com
1661,ntli.net
1662,sapo.pt
1663,indianexpress.com
1664,dbankcloud.cn
1665,coursehero.com
1666,audible.com
1667,gotinder.com
1668,technologyreview.com
1669,adobelogin.com
1670,awsdns-08.co.uk
1671,pastebin.com
1672,inmotionhosting.com
1673,vkuser.net
1674,namecheaphosting.com
1675,lastpass.com
1676,viber.com
1677,dlsite.com
1678,energy.gov
1679,clevelandclinic.org
1680,awsdns-02.net
1681,dreamstime.com
1682,moz.com
1683,us.com
1684,cookiedatabase.org
1685,ico.org.uk
1686,awsdns-62.co.uk
1687,google.co.id
1688,joomla.org
1689,brookings.edu
1690,macys.com
1691,awsdns-45.co.uk
1692,elastic.co
1693,thenai.org
1694,nga.cn
1695,gda.pl
1696,awsdns-32.org
1697,paralib.ru
1698,starbucks.com
1699,convertio.co
1700,register.com
1701,protek.ru
1702,imf.org
1703,mozgcp.net
1704,usembassy.gov
1705,chinatax.gov.cn
1706,itch.io
1707,yahoo.net
1708,pubnub.com
1709,brave.com
1710,bild.de
1711,pvp.net
1712,archiveofourown.org
1713,awsdns-24.org
1714,dytt8.net
1715,dropcatch.com
1716,sinaimg.cn
1717,awsdns-12.org
1718,podbean.com
1719,bitdefender.com
1720,doc88.com
1721,mimecast.com
1722,ns.ml
1723,gtld.biz
1724,locaweb.com.br
1725,seekingalpha.com
1726,firebaseio.com
1727,amazonaws.com.cn
1728,boston.com
1729,xiaomi.net
1730,nasdaq.com
1731,houzz.com
1732,msidentity.com
1733,apdcdn.com
1734,thingiverse.com
1735,ithome.com
1736,collegeboard.org
1737,contentsquare.net
1738,corriere.it
1739,magonet.ru
1740,peacocktv.com
1741,spaceweb.ru
1742,lefigaro.fr
1743,navy.mil
1744,dol.gov
1745,angelfire.com
1746,ucoz.net
1747,kde.org
1748,mangaraw.to
1749,netdna-ssl.com
1750,nyc.gov
1751,icicibank.com
1752,freecodecamp.org
1753,aarp.org
1754,cuny.edu
1755,studentaid.gov
1756,doordash.com
1757,cancer.org
1758,awsdns-33.net
1759,verizon.net
1760,webflow.com
1761,weather.gov
1762,omnitagjs.com
1763,kuaishou.com
1764,tdnsv6.com
1765,awsdns-42.co.uk
1766,xe.com
1767,rings.solutions
1768,awsdns-34.co.uk
1769,awsdns-38.co.uk
1770,tutorialspoint.com
1771,similarweb.com
1772,foxbusiness.com
1773,simpli.fi
1774,porntrex.com
1775,elmundo.es
1776,mookie1.com
1777,orcid.org
1778,4.cn
1779,chapmanganato.com
1780,rs6.net
1781,wikidot.com
1782,fbi.gov
1783,yuketang.cn
1784,uptodown.com
1785,weborama.fr
1786,makeuseof.com
1787,trueconf.net
1788,daftsex.com
1789,hatenablog.com
1790,plala.or.jp
1791,magento.com
1792,eksisozluk.com
1793,awsdns-49.co.uk
1794,awsdns-43.org
1795,w55c.net
1796,tokyomotion.net
1797,medscape.com
1798,logitech.com
1799,gsmarena.com
1800,msftauth.net
1801,awsdns-49.org
1802,firefox.com
1803,awsdns-61.org
1804,shopee.vn
1805,naver.jp
1806,netlify.app
1807,ecosia.org
1808,gutenberg.org
1809,udn.com
1810,sendgrid.net
1811,klarna.net
1812,dmoz.org
1813,ultimate-guitar.com
1814,miibeian.gov.cn
1815,git-scm.com
1816,awsdns-51.co.uk
1817,usertrust.com
1818,adswizz.com
1819,serverdata.net
1820,cloudsink.net
1821,awsdns-02.org
1822,queue-it.net
1823,awsdns-14.net
1824,asos.com
1825,loom.com
1826,over-blog.com
1827,awsdns-27.org
1828,opera.software
1829,cbssports.com
1830,meetme.com
1831,comodoca.com
1832,awsdns-11.co.uk
1833,db.com
1834,unrulymedia.com
1835,letsencrypt.org
1836,dynamics.com
1837,anydesk.com
1838,adtelligent.com
1839,thisvid.com
1840,smugmug.com
1841,playrix.com
1842,iop.org
1843,awsdns-06.co.uk
1844,edgecastdns.net
1845,vnexpress.net
1846,fbsbx.com
1847,minecraft.net
1848,consumerreports.org
1849,tenable.com
1850,awsdns-37.co.uk
1851,hepsiburada.com
1852,alibaba-inc.com
1853,gpcloudservice.com
1854,surfnet.nl
1855,baishan-cloud.net
1856,onelink.me
1857,fanduel.com
1858,mozilla.net
1859,ihg.com
1860,welt.de
1861,wustl.edu
1862,awsdns-48.org
1863,callofduty.com
1864,cdnbuild.net
1865,mediaways.net
1866,ipredictive.com
1867,twilio.com
1868,dns.br
1869,pinterest.co.uk
1870,ucsb.edu
1871,ow.ly
1872,monikerdns.net
1873,theregister.com
1874,helpshift.com
1875,google.com.vn
1876,wwiops.io
1877,malwarebytes.com
1878,heart.org
1879,awsdns-50.co.uk
1880,payoneer.com
1881,news.cn
1882,php.cn
1883,philips.com
1884,china.com
1885,ey.net
1886,utdallas.edu
1887,flashtalking.com
1888,aa.com
1889,theporndude.com
1890,perl.org
1891,voanews.com
1892,awsdns-55.org
1893,iinet.net.au
1894,ihc.ru
1895,foodnetwork.com
1896,gatech.edu
1897,quantummetric.com
1898,salon.com
1899,bostonglobe.com
1900,wordreference.com
1901,awsdns-33.co.uk
1902,ncsu.edu
1903,inmobi.com
1904,faqs.org
1905,awsdns-23.org
1906,awsdns-58.org
1907,dnsv.jp
1908,onmicrosoft.com
1909,adsco.re
1910,ed.ac.uk
1911,home.pl
1912,dynatrace.com
1913,ethz.ch
1914,narod.ru
1915,redfin.com
1916,bumble.com
1917,hubspot.net
1918,hh.ru
1919,is.gd
1920,2345.com
1921,cosmopolitan.com
1922,prweb.com
1923,rutracker.org
1924,nowcoder.com
1925,mcafee-cloud.com
1926,prodgdc.com
1927,innovid.com
1928,zend.com
1929,spectrum.com
1930,parklogic.com
1931,ctmail.com
1932,awsdns-00.co.uk
1933,bdimg.com
1934,uhc.com
1935,thomsonreuters.com
1936,mercadolivre.com.br
1937,500px.com
1938,gmw.cn
1939,lnkd.in
1940,vogue.com
1941,mgid.com
1942,ebay-kleinanzeigen.de
1943,vanityfair.com
1944,centralnic.net
1945,redtube.com
1946,onlinedown.net
1947,zynga.com
1948,cell.com
1949,blueapron.com
1950,jimdofree.com
1951,na-att-idns.net
1952,mgslb.com
1953,auth0.com
1954,yolasite.com
1955,awsdns-26.org
1956,serveriai.lt
1957,ahrefs.com
1958,thebalancemoney.com
1959,g.co
1960,azuregov-dns.us
1961,opensource.org
1962,cpanel.com
1963,tass.ru
1964,acfun.cn
1965,wowhead.com
1966,sendbird.com
1967,ucweb.com
1968,proton.me
1969,your-server.de
1970,aws.dev
1971,ycombinator.com
1972,rsc.org
1973,tianyancha.com
1974,awsdns-28.co.uk
1975,hse.ru
1976,mpg.de
1977,mparticle.com
1978,teachable.com
1979,allrecipes.com
1980,sonobi.com
1981,zoro.to
1982,awsdns-59.org
1983,awsdns-23.co.uk
1984,wps.cn
1985,douyincdn.com
1986,alexa.com
1987,pitt.edu
1988,neilpatel.com
1989,undp.org
1990,tdnsv5.com
1991,zara.com
1992,awsdns-52.co.uk
1993,tbs.com
1994,billboard.com
1995,lonelyplanet.com
1996,deepintent.com
1997,livechatinc.com
1998,discovery.com
1999,nalog.ru
2000,leagueoflegends.com
2001,asahi.com
2002,lg.com
2003,brightcove.com
2004,schneier.com
2005,ruliweb.com
2006,kohls.com
2007,paypal.me
2008,adrta.com
2009,awsdns-16.net
2010,cancer.gov
2011,awsdns-14.co.uk
2012,typekit.com
2013,indiamart.com
2014,sba.gov
2015,broadcom.com
2016,axios.com
2017,tnaflix.com
2018,awsdns-09.org
2019,thestar.com
2020,awsdns-44.co.uk
2021,deadline.com
2022,dxc.com
2023,adweek.com
2024,ustream.tv
2025,quark.cn
2026,idnes.cz
2027,mncdn.com
2028,cpi.ad.jp
2029,skynet.be
2030,custhelp.com
2031,kp.ru
2032,notion.site
2033,biligame.com
2034,blog.google
2035,ubisoft.com
2036,dnsnode.net
2037,tufts.edu
2038,slickdeals.net
2039,france24.com
2040,digital.com
2041,edx.org
2042,uchi.ru
2043,buffer.com
2044,ezvizlife.com
2045,ns.cf
2046,usgovtrafficmanager.net
2047,awsdns-45.net
2048,urldefense.com
2049,delta.com
2050,boredpanda.com
2051,stickyadstv.com
2052,novell.com
2053,secb2b.com
2054,episerver.net
2055,redgifs.com
2056,jpost.com
2057,msi.com
2058,directcpmrev.com
2059,google.az
2060,goodhousekeeping.com
2061,thawte.com
2062,hostedrmm.com
2063,rg.ru
2064,mastercard.com
2065,vt.edu
2066,189.cn
2067,patch.com
2068,awsdns-53.co.uk
2069,esquire.com
2070,gtei.net
2071,awsdns-07.com
2072,nodejs.org
2073,awsdns-20.net
2074,ancestry.com
2075,thenextweb.com
2076,surbl.org
2077,quantcount.com
2078,awsdns-34.org
2079,5ch.net
2080,thomsonreuters.net
2081,acronis.com
2082,cpan.org
2083,ctfile.com
2084,grserver.gr
2085,eventbrite.co.uk
2086,georgetown.edu
2087,shutterfly.com
2088,v2ex.com
2089,awsdns-50.org
2090,miwifi.com
2091,ilo.org
2092,hawaii.edu
2093,githubusercontent.com
2094,google.com.ua
2095,tribalfusion.com
2096,lichess.org
2097,ebay.com.au
2098,rtcfront.net
2099,pcworld.com
2100,coingecko.com
2101,coe.int
2102,themegrill.com
2103,mihoyo.com
2104,canvas-user-content.com
2105,eurekalert.org
2106,streamtheworld.net
2107,howtogeek.com
2108,carbonblack.io
2109,awsdns-42.org
2110,onetag-sys.com
2111,cbsivideo.com
2112,liquipedia.net
2113,shimo.im
2114,manitu.de
2115,seattletimes.com
2116,hover.com
2117,spot.im
2118,lifewire.com
2119,dns.jp
2120,coreservers.uk
2121,llnwd.net
2122,spb.ru
2123,hotornot.com
2124,klarna.com
2125,awsdns-16.org
2126,shawcable.net
2127,stabletransit.com
2128,awsdns-17.org
2129,ssacdn.com
2130,rapidgator.net
2131,awsdns-52.org
2132,mercari.com
2133,kroger.com
2134,dion.ne.jp
2135,bleacherreport.com
2136,glance.net
2137,pixnet.net
2138,pikabu.ru
2139,gd.gov.cn
2140,flic.kr
2141,awsdns-15.co.uk
2142,gfycat.com
2143,faa.gov
2144,greenhouse.io
2145,yumpu.com
2146,windy.com
2147,wp.me
2148,newegg.com
2149,unpkg.com
2150,timeout.com
2151,futbin.com
2152,sznews.com
2153,ask.com
2154,ximalaya.com
2155,greenpeace.org
2156,haxx.se
2157,dyn.com
2158,china.com.cn
2159,sjtu.edu.cn
2160,worldometers.info
2161,lanzoui.com
2162,indiana.edu
2163,bhphotovideo.com
2164,awsdns-22.org
2165,intercom.com
2166,scopely.io
2167,pchome.com.tw
2168,leetcode.cn
2169,segment.io
2170,cygwin.com
2171,ctvnews.ca
2172,pnap.net
2173,bttrack.com
2174,staticflickr.com
2175,webempresa.eu
2176,supjav.com
2177,technoratimedia.com
2178,scdn.co
2179,icio.us
2180,xserver.jp
2181,moe.gov.cn
2182,bcvcdn.com
2183,carfax.com
2184,unsw.edu.au
2185,bytefcdn-oversea.com
2186,bitmoji.com
2187,proquest.com
2188,pima.edu
2189,panasonic.com
2190,amazon.cn
2191,awsdns-19.org
2192,mercurynews.com
2193,globalnews.ca
2194,hosteurope.de
2195,arca.live
2196,irctc.co.in
2197,lg.co.kr
2198,micpn.com
2199,chartbeat.net
2200,ghxi.com
2201,a-mo.net
2202,docusign.com
2203,vecteezy.com
2204,thehindu.com
2205,smartsheet.com
2206,zapier.com
2207,qh-lb.com
2208,internetdownloadmanager.com
2209,tianya.cn
2210,verywellmind.com
2211,ap.org
2212,dafont.com
2213,videolan.org
2214,biglobe.ne.jp
2215,pinduoduo.com
2216,rutube.ru
2217,kgslb.com
2218,msauth.net
2219,accor.com
2220,caltech.edu
2221,com.com
2222,line-apps.com
2223,tplinkcloud.com
2224,bumlam.com
2225,univie.ac.at
2226,unrealengine.com
2227,zcool.com.cn
2228,made-in-china.com
2229,awsdns-06.org
2230,crazyegg.com
2231,docusign.net
2232,irishtimes.com
2233,found.io
2234,zappos.com
2235,strava.com
2236,samsclub.com
2237,myntra.com
2238,nessus.org
2239,highwebmedia.com
2240,basecamp.com
2241,rkdms.com
2242,getgo.com
2243,standard.co.uk
2244,oray.com
2245,braintree-api.com
2246,honeywell.com
2247,4399.com
2248,walgreens.com
2249,datadome.co
2250,awsdns-05.org
2251,turkiye.gov.tr
2252,koibanx.com
2253,libvio.me
2254,gracenote.com
2255,sav.com
2256,hotmart.com
2257,adobedc.net
2258,searchenginejournal.com
2259,poki.com
2260,awsdns-27.co.uk
2261,awsdns-54.co.uk
2262,ikarem.io
2263,tktube.com
2264,msnbc.com
2265,admanmedia.com
2266,myfitnesspal.com
2267,pippio.com
2268,zeit.de
2269,clarity.ms
2270,coindesk.com
2271,telephony.goog
2272,motherless.com
2273,vanderbilt.edu
2274,liveabout.com
2275,screenrant.com
2276,aruba.it
2277,colorlib.com
2278,cdn13.com
2279,mx-ns.mx
2280,awsdns-38.net
2281,awsdns-41.net
2282,brightcove.net
2283,nhl.com
2284,livescore.com
2285,17track.net
2286,fivethirtyeight.com
2287,computerworld.com
2288,skyrock.net
2289,nerdwallet.com
2290,codecanyon.net
2291,wistia.com
2292,tawk.to
2293,monday.com
2294,ettdnsv.com
2295,online.net
2296,vrbo.com
2297,aka.ms
2298,awsdns-61.co.uk
2299,awsdns-15.com
2300,badoocdn.com
2301,mapbox.com
2302,nexon.com
2303,awsdns-57.co.uk
2304,webofscience.com
2305,unl.edu
2306,segmentfault.com
2307,ccc.de
2308,clover.com
2309,syosetu.com
2310,brown.edu
2311,ortb.net
2312,zdnscloud.biz
2313,walkme.com
2314,msecnd.net
2315,space.com
2316,awsdns-31.co.uk
2317,kargo.com
2318,leetcode.com
2319,att-idns.net
2320,awsdns-03.com
2321,awsdns-55.net
2322,uiowa.edu
2323,odoo.com
2324,moneycontrol.com
2325,cartoonnetwork.com
2326,4wps.net
2327,uscis.gov
2328,boyfriendtv.com
2329,meizu.com
2330,ctrip.com
2331,phicdn.net
2332,nobelprize.org
2333,bt.co
2334,nr-ops.net
2335,udel.edu
2336,segment.com
2337,awsdns-03.net
2338,qcloud.com
2339,elle.com
2340,ahacdn.me
2341,wondershare.com
2342,sc-static.net
2343,apple-cloudkit.com
2344,cloudconvert.com
2345,sfu.ca
2346,kahoot.it
2347,ptt.cc
2348,magento.cloud
2349,hopkinsmedicine.org
2350,screenconnect.com
2351,nordstrom.com
2352,lazada.co.th
2353,awsdns-41.org
2354,skimresources.com
2355,wsglb0.com
2356,cvent.com
2357,answers.com
2358,bt.com
2359,hrw.org
2360,t66y.com
2361,page.link
2362,hubpages.com
2363,experian.com
2364,softpedia.com
2365,mcgill.ca
2366,youronlinechoices.eu
2367,awsdns-15.net
2368,xunlei.com
2369,snopes.com
2370,awsdns-40.co.uk
2371,oregonstate.edu
2372,buzzfeednews.com
2373,surriel.com
2374,hqporner.com
2375,hindawi.com
2376,netgear.com
2377,businessweek.com
2378,w.org
2379,youjizz.com
2380,awsdns-21.net
2381,fincoec.com
2382,lanhuapp.com
2383,myfreecams.com
2384,bustle.com
2385,b2clogin.com
2386,awsdns-13.net
2387,digitaltarget.ru
2388,depositphotos.com
2389,okezone.com
2390,awsdns-54.org
2391,reference.com
2392,eurodns.com
2393,awsdns-12.co.uk
2394,orange.fr
2395,whecloud.com
2396,123pan.com
2397,nielsen.com
2398,oxfordjournals.org
2399,allawnos.com
2400,fotostrana.ru
2401,weatherbug.net
2402,amazon.com.br
2403,bankrate.com
2404,rusprofile.ru
2405,clinicaltrials.gov
2406,svc.ms
2407,unam.mx
2408,discover.com
2409,onesignal.com
2410,serving-sys.com
2411,ohchr.org
2412,cia.gov
2413,xboxlive.com
2414,fema.gov
2415,icndns.net
2416,osha.gov
2417,prestashop.com
2418,betweendigital.com
2419,zju.edu.cn
2420,logitech.com.cn
2421,likecs.com
2422,ubereats.com
2423,gs.com
2424,rfi.fr
2425,yximgs.com
2426,awsdns-62.org
2427,ebscohost.com
2428,1drv.ms
2429,creditkarma.com
2430,tenor.com
2431,blackberry.com
2432,study.com
2433,rochester.edu
2434,findlaw.com
2435,awsdns-06.com
2436,vivo.com.cn
2437,heyfiesta.com
2438,mosreg.ru
2439,ndnslab.com
2440,afreecatv.com
2441,thepiratebay.org
2442,awsdns-37.net
2443,tealiumiq.com
2444,steamstatic.com
2445,medallia.com
2446,nyaa.si
2447,wipo.int
2448,merlincdn.net
2449,zxxk.com
2450,4shared.com
2451,rr.com
2452,caniuse.com
2453,ddys.tv
2454,knowyourmeme.com
2455,usgovcloudapp.net
2456,apkpure.com
2457,awsdns-03.org
2458,openai.com
2459,inven.co.kr
2460,awsdns-24.net
2461,ultradns.biz
2462,easebar.com
2463,redbull.com
2464,macrumors.com
2465,globalsign.com
2466,ipcc.ch
2467,126.com
2468,openldap.org
2469,isnssdk.com
2470,awsdns-40.org
2471,visper.tech
2472,awsdns-62.net
2473,ripe.net
2474,awsdns-20.org
2475,sputniknews.com
2476,hostpoint.ch
2477,streamable.com
2478,zdnscloud.net
2479,awsdns-47.net
2480,wtxcdn.com
2481,samplicio.us
2482,classlink.com
2483,so-net.ne.jp
2484,brightspace.com
2485,cern.ch
2486,waze.com
2487,united.com
2488,square.site
2489,zdnscloud.info
2490,pdfdrive.com
2491,iastate.edu
2492,webflow.io
2493,umass.edu
2494,ovhcloud.com
2495,163img.com
2496,td.com
2497,liveinternet.ru
2498,smi2.ru
2499,dtvce.com
2500,huffingtonpost.co.uk
2501,lse.ac.uk
2502,isc.org
2503,google.ch
2504,gigya.com
2505,zopim.com
2506,literalcorpulent.com
2507,calameo.com
2508,awsdns-35.com
2509,awsdns-30.org
2510,domru.ru
2511,ixxx.com
2512,rian.ru
2513,awsdns-57.net
2514,worldcat.org
2515,washingtontimes.com
2516,auctollo.com
2517,techrepublic.com
2518,uminet.ru
2519,virginia.gov
2520,ventraip.net.au
2521,dbankedge.net
2522,informer.com
2523,hotmail.com
2524,esa.int
2525,spreaker.com
2526,gopro.com
2527,gog.com
2528,redcross.org
2529,synology.com
2530,awsdns-53.com
2531,miamiherald.com
2532,king.com
2533,fh-trier.de
2534,rockstargames.com
2535,breitbart.com
2536,securityfocus.com
2537,dyntrk.com
2538,ovscdns.net
2539,tapd.cn
2540,423down.com
2541,wixstatic.com
2542,scoop.it
2543,joinhoney.com
2544,visa.com
2545,phpbb.com
2546,si.com
2547,kaspi.kz
2548,jwplayer.com
2549,theregister.co.uk
2550,alikunlun.net
2551,polygon.com
2552,premierleague.com
2553,mfadsrvr.com
2554,japanpost.jp
2555,stitcher.com
2556,usf.edu
2557,remotepc.com
2558,ip-api.com
2559,cpta.com.cn
2560,pornzog.com
2561,discord.media
2562,evergage.com
2563,intentiq.com
2564,shipt.com
2565,attens.com
2566,avcdn.net
2567,awsdns-51.org
2568,pananames.com
2569,rezka.ag
2570,uga.edu
2571,sueddeutsche.de
2572,rule34.xxx
2573,ew.com
2574,japantimes.co.jp
2575,fliphtml5.com
2576,foxsports.com
2577,asura.gg
2578,itmedia.co.jp
2579,rarbg.to
2580,uscourts.gov
2581,tvsquared.com
2582,naukri.com
2583,pornone.com
2584,wsu.edu
2585,sephora.com
2586,arduino.cc
2587,ti.com
2588,padlet.com
2589,aljazeera.net
2590,fullstory.com
2591,avg.com
2592,gazeta.ru
2593,symcb.com
2594,awsdns-09.net
2595,ucsf.edu
2596,awsdns-36.org
2597,soap2day.to
2598,awsdns-36.net
2599,tynt.com
2600,docsend.com
2601,herokuspace.com
2602,wikisource.org
2603,list-manage1.com
2604,awsdns-10.org
2605,chinanews.com
2606,eyeota.net
2607,awsdns-44.net
2608,plex.tv
2609,flashscore.com
2610,awsdns-48.net
2611,tp-link.com
2612,pypi.org
2613,metmuseum.org
2614,lkqd.net
2615,noonoo.tv
2616,edgecastcdn.net
2617,mediavine.com
2618,sportskeeda.com
2619,bdys01.com
2620,awsdns-26.co.uk
2621,virginm.net
2622,detik.com
2623,loopme.me
2624,a2hosting.com
2625,pndsn.com
2626,teacherspayteachers.com
2627,olx.ua
2628,ikco.ir
2629,gap.com
2630,stuff.co.nz
2631,mypoweroffer.com
2632,boeing.com
2633,gwu.edu
2634,nvidia.cn
2635,generatepress.com
2636,focus.de
2637,ibtimes.com
2638,iubenda.com
2639,toyota.com
2640,windowsazure.com
2641,imageshack.com
2642,socdm.com
2643,kontur.ru
2644,kugou.com
2645,metlife.com
2646,kakaku.com
2647,straitstimes.com
2648,ansa.it
2649,centos.org
2650,goal.com
2651,cafe24.com
2652,awsdns-40.net
2653,etherscan.io
2654,colostate.edu
2655,viettelidc.com.vn
2656,news18.com
2657,jivox.com
2658,pubmnet.com
2659,quantcast.com
2660,cengage.com
2661,servers.com
2662,nbc.com
2663,awsdns-39.net
2664,amazon.ae
2665,nexusmods.com
2666,india.com
2667,gamewith.jp
2668,emojipedia.org
2669,tvinteractive.tv
2670,awsdns-57.org
2671,bodis.com
2672,xda-developers.com
2673,fitgirl-repacks.site
2674,viator.com
2675,marketingcloudapis.com
2676,monash.edu
2677,awsdns-46.net
2678,fraunhofer.de
2679,recaptcha.net
2680,mac.com
2681,huanqiu.com
2682,microfocus.com
2683,360.com
2684,lua.org
2685,bereal.network
2686,u-tokyo.ac.jp
2687,mgtv.com
2688,startribune.com
2689,privacymanager.io
2690,aliyunddos1026.com
2691,awsdns-50.net
2692,robinhood.com
2693,uniqlo.com
2694,awsdns-35.net
2695,man7.org
2696,surfshark.com
2697,gmx.net
2698,perl.com
2699,opentable.com
2700,bol.com
2701,gimp.org
2702,sc-prod.net
2703,awsdns-08.org
2704,tesla.services
2705,sbis.ru
2706,icbc.com.cn
2707,awsdns-00.net
2708,tvtropes.org
2709,tinypic.com
2710,neexulro.net
2711,ourworldindata.org
2712,awsdns-39.org
2713,awsdns-32.net
2714,000webhostapp.com
2715,vatican.va
2716,parkingcrew.net
2717,wpastra.com
2718,homestead.com
2719,cernet.net
2720,afraid.org
2721,lnk.to
2722,n-able.com
2723,rediff.com
2724,wikibooks.org
2725,popsugar.com
2726,note.com
2727,comodo.com
2728,uwaterloo.ca
2729,cvs.com
2730,r7ops.com
2731,awsdns-09.com
2732,awsdns-44.org
2733,wireshark.org
2734,shareasale.com
2735,awsdns-46.org
2736,xincache.com
2737,popsci.com
2738,britishcouncil.org
2739,cdn-ns1.net
2740,hexun.com
2741,tinder.com
2742,ostrovok.ru
2743,flurry.com
2744,bell-labs.com
2745,umeng.com
2746,awsdns-15.org
2747,nj.com
2748,liftoff.io
2749,awsdns-38.org
2750,xkcd.com
2751,heise.de
2752,nflxext.com
2753,ogury.io
2754,pbase.com
2755,tiqcdn.com
2756,taleo.net
2757,web.de
2758,awsdns-26.net
2759,awsdns-08.net
2760,awsdns-54.net
2761,kotaku.com
2762,abc.es
2763,awsdns-01.net
2764,uoregon.edu
2765,wikiwiki.jp
2766,hypr.com
2767,samsungknox.com
2768,mhlw.go.jp
2769,awsdns-60.org
2770,barrons.com
2771,fsu.edu
2772,cachenow.net
2773,ns.gq
2774,postmates.co
2775,impress.co.jp
2776,uefa.com
2777,arin.net
2778,iqbroker.com
2779,wps.com
2780,justia.com
2781,itv.com
2782,vuejs.org
2783,skysports.com
2784,amnesty.org
2785,flightradar24.com
2786,diigo.com
2787,tomshardware.com
2788,awsdns-46.com
2789,wallhaven.cc
2790,googleoptimize.com
2791,activision.com
2792,foreignpolicy.com
2793,garant.ru
2794,zerohedge.com
2795,dianping.com
2796,curl.se
2797,atlasobscura.com
2798,caixa.gov.br
2799,telefonica.de
2800,speedtest.cn
2801,lycos.com
2802,lilithgame.com
2803,byteoversea.com
2804,quizizz.com
2805,usp.br
2806,home.blog
2807,awsdns-58.co.uk
2808,nazwa.pl
2809,wargaming.net
2810,rostelecom.ru
2811,chinanews.com.cn
2812,dev.to
2813,privacy-mgmt.com
2814,denverpost.com
2815,google.co.ve
2816,58pic.com
2817,hao6v.cc
2818,uberinternal.com
2819,azcentral.com
2820,18183.com
2821,dood.re
2822,dallasnews.com
2823,4channel.org
2824,iherb.com
2825,mantraonline.com
2826,sharethis.com
2827,wired.co.uk
2828,nbcsports.com
2829,theknot.com
2830,yp.to
2831,byu.edu
2832,volcfcdndvs.com
2833,bytedance.com
2834,offcn.com
2835,thespruce.com
2836,uptobox.com
2837,drweb.com
2838,tapjoy.com
2839,qpic.cn
2840,churnzero.net
2841,tabelog.com
2842,ovh.com
2843,amazon.sa
2844,netsuite.com
2845,dmm.com
2846,livemint.com
2847,wd2go.com
2848,af.mil
2849,google.be
2850,btloader.com
2851,wjx.cn
2852,pavietnam.vn
2853,ehow.com
2854,blogspot.ca
2855,tdnsstic1.cn
2856,nifty.com
2857,fapello.com
2858,adlightning.com
2859,popularmechanics.com
2860,footprintdns.com
2861,anu.edu.au
2862,thebalance.com
2863,awsdns-22.net
2864,91porn.com
2865,ispot.tv
2866,reverbnation.com
2867,xero.com
2868,searchengineland.com
2869,bittorrent.com
2870,awsdns-25.org
2871,lavanguardia.com
2872,progressive.com
2873,awsdns-33.org
2874,mtu.ru
2875,cymru.com
2876,faphouse.com
2877,adgrx.com
2878,cloudflareinsights.com
2879,csmonitor.com
2880,superuser.com
2881,identrust.com
2882,awsdns-28.net
2883,siteforce.com
2884,pscp.tv
2885,awsdns-11.net
2886,mediawiki.org
2887,shopee.ph
2888,hbs.edu
2889,ge.com
2890,nzherald.co.nz
2891,ad.gt
2892,easy4ipcloud.com
2893,awsdns-49.com
2894,bongacams.com
2895,theepochtimes.com
2896,awsdns-42.net
2897,awsdns-34.com
2898,filesusr.com
2899,cachefly.net
2900,defense.gov
2901,verywellhealth.com
2902,usaa.com
2903,miguvideo.com
2904,eu.com
2905,awsdns-24.co.uk
2906,awsdns-00.org
2907,faz.net
2908,dpreview.com
2909,kaggle.com
2910,ualberta.ca
2911,chartboost.com
2912,tradedoubler.com
2913,acer.com
2914,digitaloceanspaces.com
2915,66law.cn
2916,blogspot.de
2917,cepat.net.id
2918,bbci.co.uk
2919,ustc.edu.cn
2920,realmemobile.com
2921,towardsdatascience.com
2922,clarin.com
2923,apksupply.com
2924,qiniudns.com
2925,scholastic.com
2926,zebra.com
2927,10jqka.com.cn
2928,uq.edu.au
2929,razorpay.com
2930,dnsv5.com
2931,spectrum.net
2932,nearme.com.cn
2933,rice.edu
2934,cmd.su
2935,google.com.pe
2936,wykop.pl
2937,business-standard.com
2938,eonline.com
2939,bytedns1.com
2940,semasio.net
2941,vanguard.com
2942,awsdns-05.net
2943,eater.com
2944,netlify.com
2945,zaobao.com
2946,penguinrandomhouse.com
2947,venmo.com
2948,treehugger.com
2949,refinery29.com
2950,gitbook.io
2951,tagesschau.de
2952,tmweb.ru
2953,kooora.com
2954,athemes.com
2955,southwest.com
2956,sl.pt
2957,awsapps.com
2958,directcpmfwr.com
2959,timesofisrael.com
2960,sprinklr.com
2961,fujitsu.com
2962,eia.gov
2963,azure.net
2964,siteground.com
2965,tomsguide.com
2966,myzaker.com
2967,federalreserve.gov
2968,bitchute.com
2969,xfantazy.com
2970,pa.gov
2971,codecademy.com
2972,onenote.net
2973,pushwoosh.com
2974,gazprombank.ru
2975,dnscloudflare.net
2976,justwatch.com
2977,tunein.com
2978,toasttab.com
2979,siue.edu
2980,noon.com
2981,g2afse.com
2982,yutex.ru
2983,lazada.com.my
2984,zalo.me
2985,uribl.com
2986,gmu.edu
2987,btnull.org
2988,blackspider.com
2989,adyen.com
2990,hoster.ru
2991,registry.in
2992,everydayhealth.com
2993,awsdns-07.org
2994,flipsnack.com
2995,hud.gov
2996,pcgamer.com
2997,statefarm.com
2998,dynadot.com
2999,skillbox.ru
3000,stripe.network
3001,upc.edu
3002,ciberseguretat.gencat.cat
3003,telefonica.com
